<?xml version="1.0" encoding="UTF-8"?>
<project-private xmlns="http://www.netbeans.org/ns/project-private/1">
    <editor-bookmarks xmlns="http://www.netbeans.org/ns/editor-bookmarks/2" lastBookmarkId="0"/>
    <open-files xmlns="http://www.netbeans.org/ns/projectui-open-files/2">
        <group>
            <file>file:/D:/Uni%20Files/4th%20Semester/DBMS/Projects/Gym-Management-System-main/Gym-Management-System-main/src/Screen.java</file>
            <file>file:/D:/Uni%20Files/4th%20Semester/DBMS/Projects/Gym-Management-System-main/Gym-Management-System-main/src/Payment.java</file>
            <file>file:/D:/Uni%20Files/4th%20Semester/DBMS/Projects/Gym-Management-System-main/Gym-Management-System-main/src/DietforGym.java</file>
            <file>file:/D:/Uni%20Files/4th%20Semester/DBMS/Projects/Gym-Management-System-main/Gym-Management-System-main/src/home.java</file>
            <file>file:/D:/Uni%20Files/4th%20Semester/DBMS/Projects/Gym-Management-System-main/Gym-Management-System-main/src/NewMember.java</file>
            <file>file:/D:/Uni%20Files/4th%20Semester/DBMS/Projects/Gym-Management-System-main/Gym-Management-System-main/src/login.java</file>
            <file>file:/D:/Uni%20Files/4th%20Semester/DBMS/Projects/Gym-Management-System-main/Gym-Management-System-main/src/UpdateDeleteMember.java</file>
        </group>
    </open-files>
</project-private>
